[
  {
    " _id": "6412eae89c2275a25d09541d",
    "products": ["641e887d05f9ee1717e1348a"],
    "name": "Logitech",
    "description": "Logitech Business Support. Top Articles. Top Articles. Find Your Product. Search for your product by name, model number or part number.",
    "email": "logitech@gmail.com",
    "website": "logitech.com",
    "location": "Apples, Switzerland",
    "status": "active",
    "logo": "https://i.ibb.co/Ydf3C1H/brand-1.png"
  },
  {
    "_id": "641522d9cd2724817c1c7c38",
    "products": [
      "641e887d05f9ee1717e1348f",
      "641e887d05f9ee1717e13496",
      "641e887d05f9ee1717e134c0",
      "641e887d05f9ee1717e134c6",
      "642168b402240f90b1138e86",
      "64216b0902240f90b1138e8e"
    ],
    "name": "Sony",
    "description": "Sony Business Support. Top Articles. Top Articles. Find Your Product. Search for your product by name, model number or part number.",
    "email": "sony@gmail.com",
    "website": "sony.com",
    "location": "Apples, America",
    "status": "active",
    "logo": "https://i.ibb.co/GTzWqnP/brand-2.png"
  },
  {
    "_id": "64153eb3707ca6a96638c13b",
    "products": ["641e887d05f9ee1717e1349a"],
    "name": "Samsung",
    "description": "Samsung Business Support. Top Articles. Top Articles. Find Your Product. Search for your product by name, model number or part number.",
    "email": "samsung@gmail.com",
    "website": "samsung.com",
    "location": "Samsung, US",
    "status": "active",
    "logo": "https://i.ibb.co/YPzHpCD/brand-3.png"
  },
  {
    "_id": "6415479cfba1a43da8287e20",
    "products": [
      "641e887d05f9ee1717e1349f",
      "641d4106dbfab7b02ab28b22",
      "641e887d05f9ee1717e134b7"
    ],
    "name": "Apple",
    "description": "Apple Business Support. Top Articles. Top Articles. Find Your Product. Search for your product by name, model number or part number.",
    "email": "apple@gmail.com",
    "website": "apple.com",
    "location": "Apple, US",
    "status": "active",
    "logo": "https://i.ibb.co/n3Wktzh/brand-4.png"
  },
  {
    "_id": "64154ee693b3f0f2c7ec7ff8",
    "products": ["641e887d05f9ee1717e134ad"],
    "name": "Deepcool",
    "description": "Deepcool Business Support. Top Articles. Top Articles. Find Your Product. Search for your product by name, model number or part number.",
    "email": "deepcool@gmail.com",
    "website": "deepcool.com",
    "location": "Deepcool, US",
    "status": "active",
    "logo": "https://i.ibb.co/xqTCvsL/brand-5.png"
  },
  {
    "_id": "6415545493b3f0f2c7ec7ffa",
    "products": ["641e887d05f9ee1717e134b2", "6426ab33253d81bc860d5f86"],
    "name": "Antec",
    "description": "Antec Business Support. Top Articles. Top Articles. Find Your Product. Search for your product by name, model number or part number.",
    "email": "antec@gmail.com",
    "website": "antec.com",
    "location": "Antec, US",
    "status": "active",
    "logo": "https://i.ibb.co/SfBRy61/brand-6.png"
  },
  {
    "_id": "6415796b0bb49c3eb913bd50",
    "products": ["641e887d05f9ee1717e134cb", "641e887d05f9ee1717e134cf"],
    "name": "Lenovo",
    "description": "Lenovo Business Support. Top Articles. Top Articles. Find Your Product. Search for your product by name, model number or part number.",
    "email": "lenovo@gmail.com",
    "website": "lenovo.com",
    "location": "lenovo, US",
    "status": "active",
    "logo": "https://i.ibb.co/LNymxGk/brand-7.png"
  },
  {
    "_id": "641feafc19436d47078261a3",
    "name": "Legendary Whitetails",
    "description": "Legendary Whitetails Business Support. Top Articles. Top Articles. Find Your Product. Search for your product by name, model number or part number.",
    "email": "legendary-whitetails@gmail.com",
    "website": "legendary-whitetails.com",
    "location": "Legendary Whitetails, US",
    "status": "active",
    "products": [
      "6421258288fba3e101965dc3",
      "64215fb702240f90b1138e14",
      "6421650a02240f90b1138e1e",
      "64228862253d81bc860d2092"
    ],
    "logo": "https://i.ibb.co/mCqwRnT/brand-8.png"
  },
  {
    "_id": "64200b8221162f8b15beae3c",
    "name": "Nike",
    "description": "Nike Business Support. Top Articles. Top Articles. Find Your Product. Search for your product by name, model number or part number.",
    "email": "nike@gmail.com",
    "website": "nike.com",
    "location": "Nike, US",
    "status": "active",
    "products": ["64216e2f02240f90b1138e96", "6421700802240f90b1138e9e"],
    "logo": "https://i.ibb.co/GTzWqnP/brand-2.png"
  },
  {
    "_id": "642508be253d81bc860d4d24",
    "name": "INIKA",
    "description": "inika Business Support. Top Articles. Top Articles. Find Your Product. Search for your product by name, model number or part number.",
    "email": "inika@gmail.com",
    "website": "inika.com",
    "location": "INIKA, US",
    "status": "active",
    "products": [
      "64250d8e253d81bc860d4d26",
      "642515c0253d81bc860d4da3",
      "64251bc0253d81bc860d4db5",
      "64252172253d81bc860d4dbe",
      "6426a68a253d81bc860d5ea6",
      "6426adba253d81bc860d6132",
      "6426b217253d81bc860d6217"
    ],
    "logo": "https://i.ibb.co/n3Wktzh/brand-4.png"
  },
  {
    "_id": "643134d4e2c1bd22cebb2130",
    "name": "Louis Vuitton",
    "description": "Louis Vuitton Business Support. Top Articles. Top Articles. Find Your Product. Search for your product by name, model number or part number.",
    "email": "louisvuitton@gmail.com",
    "website": "louisvuitton.com",
    "location": "Louis Vuitton, US",
    "status": "active",
    "products": [
      "6431364df5a812bd37e765ac",
      "64313abdf5a812bd37e765bc",
      "64313e92f5a812bd37e765cf",
      "6431418c5e1d915c39ada44b",
      "64323fd99814bb139594c443",
      "6432433c9814bb139594c44c",
      "643249b49814bb139594c454",
      "64324f0c9814bb139594c47c"
    ],
    "logo": "https://i.ibb.co/mCqwRnT/brand-8.png"
  }
]
