[
  {
    "_id": "641d424bdbfab7b02ab28b95",
    "img": "https://i.ibb.co/sVxYFDY/product-cat-1.png",
    "parent": "Headphones",
    "children": [
      "Kids Headphones",
      "Bluetooth Headphones",
      "On-Ear Headphones"
    ],
    "productType": "electronics",
    "products": [
      "641e887d05f9ee1717e1348a",
      "641e887d05f9ee1717e1348f",
      "641e887d05f9ee1717e13496"
    ],
    "status": "Show"
  },
  {
    "_id": "6419723bd7dc5155c04350d4",
    "img": "https://i.ibb.co/xHFpQTV/product-cat-2.png",
    "parent": "Mobile Tablets",
    "children": ["Samsung", "Apple"],
    "productType": "electronics",
    "products": [
      "641e887d05f9ee1717e1349a",
      "641e887d05f9ee1717e1349f",
      "641d4106dbfab7b02ab28b22"
    ],
    "status": "Show"
  },
  {
    "_id": "6419723bd7dc5155c04350d5",
    "img": "https://i.ibb.co/S0GjZdp/product-cat-3.png",
    "parent": "CPU Heat Pipes",
    "children": ["CPU Cooler", "Air CPU Cooler"],
    "productType": "electronics",
    "products": ["641e887d05f9ee1717e134ad", "641e887d05f9ee1717e134b2"],
    "status": "Show"
  },
  {
    "_id": "6419723bd7dc5155c04350d6",
    "img": "https://i.ibb.co/g3YK8H2/product-cat-4.png",
    "parent": "Smart Watch",
    "children": ["Sports Smart Watch", "Apple Watch", "Fitness Smart Watch"],
    "productType": "electronics",
    "products": [
      "641e887d05f9ee1717e134b7",
      "641e887d05f9ee1717e134c0",
      "641e887d05f9ee1717e134c6"
    ],
    "status": "Show"
  },
  {
    "_id": "6419723bd7dc5155c04350d7",
    "img": "https://i.ibb.co/D9qfYWX/product-cat-5.png",
    "parent": "Bluetooth",
    "children": ["Wireless Bluetooth", "Sports Bluetooth"],
    "productType": "electronics",
    "products": ["641e887d05f9ee1717e134cb", "641e887d05f9ee1717e134cf"],
    "status": "Show"
  },
  {
    "_id": "64200cb921162f8b15beae3e",
    "img": "https://i.ibb.co/ZWfqMXs/fashion-cat-1.jpg",
    "parent": "Clothing",
    "children": ["Men's", "Women's", "Baby"],
    "productType": "fashion",
    "products": [
      "6421258288fba3e101965dc3",
      "64215fb702240f90b1138e14",
      "6421650a02240f90b1138e1e",
      "642287e951820d9c45c9127c",
      "64228862253d81bc860d2092"
    ],
    "status": "Show"
  },
  {
    "_id": "64200cef21162f8b15beae40",
    "img": "https://i.ibb.co/GsDLfnh/fashion-cat-2.jpg",
    "parent": "Bags",
    "children": ["HandBag", "Traveling Bag"],
    "productType": "fashion",
    "products": ["642168b402240f90b1138e86", "64216b0902240f90b1138e8e"],
    "status": "Show"
  },
  {
    "_id": "64200d2421162f8b15beae42",
    "img": "https://i.ibb.co/H2NsVHm/fashion-cat-3.jpg",
    "parent": "Shoes",
    "children": ["Men's", "Women's"],
    "productType": "fashion",
    "products": ["64216e2f02240f90b1138e96", "6421700802240f90b1138e9e"],
    "status": "Show"
  },
  {
    "_id": "64240b66253d81bc860d4cf2",
    "img": "https://i.ibb.co/7yg7yg9/beauty-category-1.jpg",
    "parent": "Discover Skincare",
    "children": ["Makeup Brush", "Face Powder"],
    "productType": "beauty",
    "products": ["64250d8e253d81bc860d4d26", "6426a68a253d81bc860d5ea6"],
    "status": "Show"
  },
  {
    "_id": "64240ca8253d81bc860d4cf4",
    "img": "https://i.ibb.co/8YdfXmn/beauty-category-2.jpg",
    "parent": "Beauty of Skin",
    "children": ["Skin", "Lip Liner"],
    "productType": "beauty",
    "products": ["642515c0253d81bc860d4da3", "6426ab33253d81bc860d5f86"],
    "status": "Show"
  },
  {
    "_id": "64240e13253d81bc860d4cf6",
    "img": "https://i.ibb.co/1dZNNGh/beauty-category-3.jpg",
    "parent": "Awesome Lip Care",
    "children": ["Cosmetics", "Cream"],
    "productType": "beauty",
    "products": ["64251bc0253d81bc860d4db5", "6426adba253d81bc860d6132"],
    "status": "Show"
  },
  {
    "_id": "64240fb4253d81bc860d4cf8",
    "img": "https://i.ibb.co/nkQK0Xr/beauty-category-4.jpg",
    "parent": "Facial Care",
    "children": ["Powder", "Makeup Brush"],
    "productType": "beauty",
    "products": ["64252172253d81bc860d4dbe", "6426b217253d81bc860d6217"],
    "status": "Show"
  },
  {
    "_id": "64312cd3e2c1bd22cebb2129",
    "parent": "Bracelets",
    "children": ["Gold", "Silver"],
    "productType": "jewelry",
    "products": [
      "6431364df5a812bd37e765ac",
      "6431418c5e1d915c39ada44b",
      "643249b49814bb139594c454"
    ],
    "status": "Show"
  },
  {
    "_id": "64312cf0e2c1bd22cebb212b",
    "parent": "Earrings",
    "children": ["Gold", "Silver"],
    "productType": "jewelry",
    "products": [
      "64313abdf5a812bd37e765bc",
      "64323fd99814bb139594c443",
      "64324f0c9814bb139594c47c"
    ],
    "status": "Show"
  },
  {
    "_id": "64312d00e2c1bd22cebb212d",
    "parent": "Necklaces",
    "children": ["Gold", "Silver"],
    "productType": "jewelry",
    "products": ["64313e92f5a812bd37e765cf", "6432433c9814bb139594c44c"],
    "status": "Show"
  }
]
