[
  {
    "_id": "645f0b95af839230b4d5084a",
    "title": "August Gift Voucher",
    "logo": "https://i.ibb.co/kxGMcrw/ipad-1.png",
    "couponCode": "AUGUST23",
    "endTime": "2023-08-28T06:00:00.000Z",
    "discountPercentage": 14,
    "minimumAmount": 700,
    "productType": "electronics"
  },
  {
    "_id": "645f0b95af839230b4d5084b",
    "title": "SUMMER Vacation",
    "logo": "https://i.ibb.co/ThxGY6N/clothing-13.png",
    "couponCode": "SUMMER23",
    "endTime": "2023-10-22T00:56:00.000Z",
    "discountPercentage": 8,
    "minimumAmount": 400,
    "productType": "fashion"
  },
  {
    "_id": "645f0b95af839230b4d5084c",
    "title": "Paper On Demand",
    "logo": "https://i.ibb.co/h9PYFHJ/lip-liner-2.png",
    "couponCode": "PAPER12",
    "endTime": "2023-05-01T20:19:00.000Z",
    "discountPercentage": 14,
    "minimumAmount": 500,
    "productType": "beauty"
  },
  {
    "_id": "645f0b95af839230b4d5084d",
    "title": "Fifty Fifty",
    "logo": "https://i.ibb.co/rvmPWxc/bracelet-5.png",
    "couponCode": "FIF50",
    "endTime": "2023-09-01T20:19:00.000Z",
    "discountPercentage": 10,
    "minimumAmount": 300,
    "productType": "jewelry"
  }
]
